File,Behavior,AvgDisplacement
2107.0M_L1_acA2040-120um__23670847__20230707_131221586DLC_resnet50_LUPE_MALEDec5shuffle1_350000,still,3.3007762612920186
2107.0M_L1_acA2040-120um__23670847__20230707_131221586DLC_resnet50_LUPE_MALEDec5shuffle1_350000,walking,5.967341431071614
2107.0M_L1_acA2040-120um__23670847__20230707_131221586DLC_resnet50_LUPE_MALEDec5shuffle1_350000,rearing,3.6076186544247735
2107.0M_L1_acA2040-120um__23670847__20230707_131221586DLC_resnet50_LUPE_MALEDec5shuffle1_350000,grooming,3.5852774810534425
2107.0M_L1_acA2040-120um__23670847__20230707_131221586DLC_resnet50_LUPE_MALEDec5shuffle1_350000,licking hindpaw L,5.285059602667398
2107.0M_L1_acA2040-120um__23670847__20230707_131221586DLC_resnet50_LUPE_MALEDec5shuffle1_350000,licking hindpaw R,0.0
