File,Behavior,AvgDisplacement
2108.2F_L4_acA2040-120um__23670846__20230707_134352759DLC_resnet50_LUPE_MALEDec5shuffle1_350000,still,3.3581303018587025
2108.2F_L4_acA2040-120um__23670846__20230707_134352759DLC_resnet50_LUPE_MALEDec5shuffle1_350000,walking,7.2928043376540055
2108.2F_L4_acA2040-120um__23670846__20230707_134352759DLC_resnet50_LUPE_MALEDec5shuffle1_350000,rearing,4.007992105621814
2108.2F_L4_acA2040-120um__23670846__20230707_134352759DLC_resnet50_LUPE_MALEDec5shuffle1_350000,grooming,4.212310388986005
2108.2F_L4_acA2040-120um__23670846__20230707_134352759DLC_resnet50_LUPE_MALEDec5shuffle1_350000,licking hindpaw L,6.391052683406584
2108.2F_L4_acA2040-120um__23670846__20230707_134352759DLC_resnet50_LUPE_MALEDec5shuffle1_350000,licking hindpaw R,2.8860800501329273
