File,Behavior,AvgDisplacement
2110.2F_L2_acA2040-120um__23670847__20230707_154525784DLC_resnet50_LUPE_MALEDec5shuffle1_350000,still,3.268070124551897
2110.2F_L2_acA2040-120um__23670847__20230707_154525784DLC_resnet50_LUPE_MALEDec5shuffle1_350000,walking,6.051629276784142
2110.2F_L2_acA2040-120um__23670847__20230707_154525784DLC_resnet50_LUPE_MALEDec5shuffle1_350000,rearing,3.2260028551209463
2110.2F_L2_acA2040-120um__23670847__20230707_154525784DLC_resnet50_LUPE_MALEDec5shuffle1_350000,grooming,5.742372878053211
2110.2F_L2_acA2040-120um__23670847__20230707_154525784DLC_resnet50_LUPE_MALEDec5shuffle1_350000,licking hindpaw L,14.491106294748269
2110.2F_L2_acA2040-120um__23670847__20230707_154525784DLC_resnet50_LUPE_MALEDec5shuffle1_350000,licking hindpaw R,0.0
