File,Behavior,AvgDisplacement
2108.1F_L3_acA2040-120um__23701299__20230707_134035525DLC_resnet50_LUPE_MALEDec5shuffle1_350000,still,3.2035471494340007
2108.1F_L3_acA2040-120um__23701299__20230707_134035525DLC_resnet50_LUPE_MALEDec5shuffle1_350000,walking,6.39069057755032
2108.1F_L3_acA2040-120um__23701299__20230707_134035525DLC_resnet50_LUPE_MALEDec5shuffle1_350000,rearing,3.730214930059653
2108.1F_L3_acA2040-120um__23701299__20230707_134035525DLC_resnet50_LUPE_MALEDec5shuffle1_350000,grooming,4.654903173087362
2108.1F_L3_acA2040-120um__23701299__20230707_134035525DLC_resnet50_LUPE_MALEDec5shuffle1_350000,licking hindpaw L,6.820282348797956
2108.1F_L3_acA2040-120um__23701299__20230707_134035525DLC_resnet50_LUPE_MALEDec5shuffle1_350000,licking hindpaw R,3.6364938286721236
