File,Behavior,AvgDisplacement
2108.4F_L2_acA2040-120um__23701274__20230707_143648805DLC_resnet50_LUPE_MALEDec5shuffle1_350000,still,3.5848470760326943
2108.4F_L2_acA2040-120um__23701274__20230707_143648805DLC_resnet50_LUPE_MALEDec5shuffle1_350000,walking,7.382417544780129
2108.4F_L2_acA2040-120um__23701274__20230707_143648805DLC_resnet50_LUPE_MALEDec5shuffle1_350000,rearing,4.113819761057386
2108.4F_L2_acA2040-120um__23701274__20230707_143648805DLC_resnet50_LUPE_MALEDec5shuffle1_350000,grooming,4.828708727507231
2108.4F_L2_acA2040-120um__23701274__20230707_143648805DLC_resnet50_LUPE_MALEDec5shuffle1_350000,licking hindpaw L,8.855412183812144
2108.4F_L2_acA2040-120um__23701274__20230707_143648805DLC_resnet50_LUPE_MALEDec5shuffle1_350000,licking hindpaw R,0.0
