File,Behavior,AvgDisplacement
2108.0F_L2__acA2040-120um__23701274__20230707_135900313DLC_resnet50_LUPE_MALEDec5shuffle1_350000,still,2.9641597928257357
2108.0F_L2__acA2040-120um__23701274__20230707_135900313DLC_resnet50_LUPE_MALEDec5shuffle1_350000,walking,7.237818570984869
2108.0F_L2__acA2040-120um__23701274__20230707_135900313DLC_resnet50_LUPE_MALEDec5shuffle1_350000,rearing,3.819291191794679
2108.0F_L2__acA2040-120um__23701274__20230707_135900313DLC_resnet50_LUPE_MALEDec5shuffle1_350000,grooming,5.052863008505335
2108.0F_L2__acA2040-120um__23701274__20230707_135900313DLC_resnet50_LUPE_MALEDec5shuffle1_350000,licking hindpaw L,12.487785200264755
2108.0F_L2__acA2040-120um__23701274__20230707_135900313DLC_resnet50_LUPE_MALEDec5shuffle1_350000,licking hindpaw R,2.712766285785202
