File,Behavior,AvgDisplacement
2110.2F_L2_acA2040-120um__23701274__20230707_155051618DLC_resnet50_LUPE_MALEDec5shuffle1_350000,still,2.8024825326538125
2110.2F_L2_acA2040-120um__23701274__20230707_155051618DLC_resnet50_LUPE_MALEDec5shuffle1_350000,walking,4.637961558997798
2110.2F_L2_acA2040-120um__23701274__20230707_155051618DLC_resnet50_LUPE_MALEDec5shuffle1_350000,rearing,3.9158102004971718
2110.2F_L2_acA2040-120um__23701274__20230707_155051618DLC_resnet50_LUPE_MALEDec5shuffle1_350000,grooming,5.3285168428525616
2110.2F_L2_acA2040-120um__23701274__20230707_155051618DLC_resnet50_LUPE_MALEDec5shuffle1_350000,licking hindpaw L,7.785537214275557
2110.2F_L2_acA2040-120um__23701274__20230707_155051618DLC_resnet50_LUPE_MALEDec5shuffle1_350000,licking hindpaw R,0.0
