File,Behavior,AvgDisplacement
1_2087.0_M_L1_acA2040-120um__23670847__20230707_095944991DLC_resnet50_LUPE_MALEDec5shuffle1_350000,still,3.4897246144532583
1_2087.0_M_L1_acA2040-120um__23670847__20230707_095944991DLC_resnet50_LUPE_MALEDec5shuffle1_350000,walking,8.003285963012274
1_2087.0_M_L1_acA2040-120um__23670847__20230707_095944991DLC_resnet50_LUPE_MALEDec5shuffle1_350000,rearing,3.235292070285399
1_2087.0_M_L1_acA2040-120um__23670847__20230707_095944991DLC_resnet50_LUPE_MALEDec5shuffle1_350000,grooming,3.439625352482799
1_2087.0_M_L1_acA2040-120um__23670847__20230707_095944991DLC_resnet50_LUPE_MALEDec5shuffle1_350000,licking hindpaw L,0.0
1_2087.0_M_L1_acA2040-120um__23670847__20230707_095944991DLC_resnet50_LUPE_MALEDec5shuffle1_350000,licking hindpaw R,3.0345353475536596
