File,Behavior,AvgDisplacement
2107.1M_L2_acA2040-120um__23701274__20230707_131339359DLC_resnet50_LUPE_MALEDec5shuffle1_350000,still,3.1229217490516548
2107.1M_L2_acA2040-120um__23701274__20230707_131339359DLC_resnet50_LUPE_MALEDec5shuffle1_350000,walking,5.8461723909483245
2107.1M_L2_acA2040-120um__23701274__20230707_131339359DLC_resnet50_LUPE_MALEDec5shuffle1_350000,rearing,3.4648054661965677
2107.1M_L2_acA2040-120um__23701274__20230707_131339359DLC_resnet50_LUPE_MALEDec5shuffle1_350000,grooming,3.8851729460771423
2107.1M_L2_acA2040-120um__23701274__20230707_131339359DLC_resnet50_LUPE_MALEDec5shuffle1_350000,licking hindpaw L,6.312402305625117
2107.1M_L2_acA2040-120um__23701274__20230707_131339359DLC_resnet50_LUPE_MALEDec5shuffle1_350000,licking hindpaw R,3.4537683256476344
