File,Behavior,AvgDisplacement
2107.4M_L1_acA2040-120um__23670847__20230707_135124289DLC_resnet50_LUPE_MALEDec5shuffle1_350000,still,3.1754870773536483
2107.4M_L1_acA2040-120um__23670847__20230707_135124289DLC_resnet50_LUPE_MALEDec5shuffle1_350000,walking,6.185904532849716
2107.4M_L1_acA2040-120um__23670847__20230707_135124289DLC_resnet50_LUPE_MALEDec5shuffle1_350000,rearing,3.522718018533682
2107.4M_L1_acA2040-120um__23670847__20230707_135124289DLC_resnet50_LUPE_MALEDec5shuffle1_350000,grooming,4.418350391821593
2107.4M_L1_acA2040-120um__23670847__20230707_135124289DLC_resnet50_LUPE_MALEDec5shuffle1_350000,licking hindpaw L,9.341450686946443
2107.4M_L1_acA2040-120um__23670847__20230707_135124289DLC_resnet50_LUPE_MALEDec5shuffle1_350000,licking hindpaw R,3.509161391245719
