File,Behavior,AvgDisplacement
2107.2M_L3_acA2040-120um__23701299__20230707_130157080DLC_resnet50_LUPE_MALEDec5shuffle1_350000,still,3.1408637525564855
2107.2M_L3_acA2040-120um__23701299__20230707_130157080DLC_resnet50_LUPE_MALEDec5shuffle1_350000,walking,5.556429842920275
2107.2M_L3_acA2040-120um__23701299__20230707_130157080DLC_resnet50_LUPE_MALEDec5shuffle1_350000,rearing,3.704547739977126
2107.2M_L3_acA2040-120um__23701299__20230707_130157080DLC_resnet50_LUPE_MALEDec5shuffle1_350000,grooming,3.665363251939737
2107.2M_L3_acA2040-120um__23701299__20230707_130157080DLC_resnet50_LUPE_MALEDec5shuffle1_350000,licking hindpaw L,6.578809966097925
2107.2M_L3_acA2040-120um__23701299__20230707_130157080DLC_resnet50_LUPE_MALEDec5shuffle1_350000,licking hindpaw R,3.5667144378774625
