Group,Condition,Time Group,Behavior,Behavior Label,Fraction Time,Bouts per Minute,Mean Bout Duration (s)
Combined,Control,0-10 min,2,rearing,0.42727272727272725,17.181818181818183,1.4920634920634919
Combined,Control,0-10 min,1,walking,0.4218181818181818,22.454545454545453,1.1271255060728746
Combined,Control,0-10 min,3,grooming,0.03803030303030303,5.545454545454546,0.41147540983606556
Combined,Control,0-10 min,0,still,0.11287878787878788,12.272727272727273,0.5518518518518519
Combined,Control,11-30 min,1,walking,0.27535087719298246,19.736842105263158,0.8370666666666666
Combined,Control,11-30 min,2,rearing,0.5228947368421053,25.210526315789473,1.2444676409185802
Combined,Control,11-30 min,3,grooming,0.14684210526315788,13.842105263157896,0.6365019011406844
Combined,Control,11-30 min,0,still,0.05421052631578947,6.894736842105263,0.4717557251908397
Combined,Control,11-30 min,5,licking hindpaw R,0.0007017543859649122,0.10526315789473684,0.4
